{"phi_b":[-4.0,-3.5789473684210527,-3.1578947368421053,-2.736842105263158,-2.3157894736842106,-1.8947368421052633,-1.473684210526316,-1.0526315789473686,-0.6315789473684212,-0.2105263157894739,0.21052631578947345,0.6315789473684212,1.0526315789473681,1.473684210526315,1.8947368421052628,2.3157894736842106,2.7368421052631575,3.1578947368421044,3.578947368421052,4.0],"Delta":[0.02,0.04,0.06,0.08,0.1,0.12000000000000001,0.13999999999999999,0.16,0.18,0.19999999999999998,0.22,0.24,0.26,0.28,0.30000000000000004,0.32,0.34,0.36000000000000004,0.38,0.4],"outcome":[1,1,1,1,1,1,1,1,1,1,-1,-1,-1,-1,-1,-1,-1,-1,-1,-1,1,1,1,1,1,1,1,1,1,1,-1,-1,-1,-1,-1,-1,-1,-1,-1,-1,1,1,1,1,1,1,1,1,1,1,-1,-1,-1,-1,-1,-1,-1,-1,-1,-1,1,1,1,1,1,1,1,1,1,-1,-1,-1,-1,-1,-1,-1,-1,-1,-1,-1,1,1,1,1,1,1,1,1,1,-1,-1,-1,-1,-1,-1,-1,-1,-1,-1,-1,1,1,1,1,1,1,1,1,1,-1,-1,-1,-1,-1,-1,-1,-1,-1,-1,-1,1,1,1,1,1,1,1,1,1,-1,-1,-1,-1,-1,-1,-1,-1,-1,-1,-1,1,1,1,1,1,1,1,1,1,-1,-1,-1,-1,-1,-1,-1,-1,-1,-1,-1,1,1,1,1,1,1,1,1,1,-1,-1,-1,-1,-1,-1,-1,-1,-1,-1,-1,1,1,1,1,1,1,1,1,1,-1,-1,-1,-1,-1,-1,-1,-1,-1,-1,-1,1,1,1,1,1,1,1,1,1,-1,-1,-1,-1,-1,-1,-1,-1,-1,-1,-1,1,1,1,1,1,1,1,1,1,-1,-1,-1,-1,-1,-1,-1,-1,-1,-1,-1,1,1,1,1,1,1,1,1,1,-1,-1,-1,-1,-1,-1,-1,-1,-1,-1,-1,1,1,1,1,1,1,1,1,-1,-1,-1,-1,-1,-1,-1,-1,-1,-1,-1,-1,1,1,1,1,1,1,1,1,-1,-1,-1,-1,-1,-1,-1,-1,-1,-1,-1,-1,1,1,1,1,1,1,1,1,-1,-1,-1,-1,-1,-1,-1,-1,-1,-1,-1,-1,1,1,1,1,1,1,1,1,-1,-1,-1,-1,-1,-1,-1,-1,-1,-1,-1,-1,1,1,1,1,1,1,1,1,-1,-1,-1,-1,-1,-1,-1,-1,-1,-1,-1,-1,1,1,1,1,1,1,1,1,-1,-1,-1,-1,-1,-1,-1,-1,-1,-1,-1,-1,1,1,1,1,1,1,1,1,-1,-1,-1,-1,-1,-1,-1,-1,-1,-1,-1,-1],"Rb":[91.97798449173857,91.97798449173857,91.97798449173857,91.97798449173857,91.97798449173857,91.97798449173857,91.97798449173857,91.97798449173857,91.97798449173857,91.97799280462243,null,null,null,null,null,null,null,null,null,null,91.97798449173857,91.97798449173857,91.97798449173857,91.97798449173857,91.97798449173857,91.97798449173857,91.97798449173857,91.97798449173857,91.97798449185414,91.93324124928094,null,null,null,null,null,null,null,null,null,null,91.97798449173857,91.97798449173857,91.97798449173857,91.97798449173857,91.97798449173857,91.97798449173857,91.97798449173857,91.97798449174101,91.97798745907312,12.28757842735113,null,null,null,null,null,null,null,null,null,null,91.97798449173857,91.97798449173857,91.97798449173857,91.97798449173857,91.97798449173857,91.97798449173857,91.97798449173904,91.97798450360534,91.97842549633886,null,null,null,null,null,null,null,null,null,null,null,91.97798449173857,91.97798449173857,91.97798449173857,91.97798449173857,91.97798449173857,91.9779844917387,91.97798449215368,91.97798637650564,91.98602903985706,null,null,null,null,null,null,null,null,null,null,null,91.97798449173857,91.97798449173857,91.97798449173857,91.97798449173857,91.97798449173857,91.97798449178197,91.97798454003477,91.9780383717086,92.0131460344011,null,null,null,null,null,null,null,null,null,null,null,91.97798449173857,91.97798449173857,91.97798449173857,91.97798449173857,91.97798449174714,91.97798449520442,91.97798591114321,91.97856351656148,91.82271823240171,null,null,null,null,null,null,null,null,null,null,null,91.97798449173857,91.97798449173857,91.97798449173857,91.9779844917411,91.97798449221331,91.97798458340851,91.97800219021413,91.98132571798283,89.68569664579367,null,null,null,null,null,null,null,null,null,null,null,91.97798449173857,91.97798449173857,91.97798449173956,91.97798449183915,91.97798450252479,91.97798565224164,91.97810925471023,91.99025538614173,80.51265072199143,null,null,null,null,null,null,null,null,null,null,null,91.97798449173857,91.97798449173905,91.9779844917674,91.97798449367232,91.97798462205884,91.97799327378787,91.9785741465087,92.00807317016249,60.096138172958256,null,null,null,null,null,null,null,null,null,null,null,91.9779844917389,91.97798449174896,91.97798449221004,91.97798451340186,91.97798548734946,91.9780302363764,91.98006003719807,92.01582028306736,35.999200463475375,null,null,null,null,null,null,null,null,null,null,null,91.97798449174293,91.97798449188345,91.97798449657468,91.97798465329048,91.97798988856401,91.97816459286854,91.98378940982457,91.92831600319401,18.557238464246677,null,null,null,null,null,null,null,null,null,null,null,91.97798449179186,91.97798449309381,91.9779845262968,91.97798537313098,91.97800696856744,91.9785558741639,91.99133350726049,91.50201231239079,8.53833757634522,null,null,null,null,null,null,null,null,null,null,null,91.97798449219263,91.97798450092726,91.97798467768884,91.97798825475728,91.9780606121246,91.9795117254686,92.00346572220204,90.23443982926149,null,null,null,null,null,null,null,null,null,null,null,null,91.97798449464689,91.97798453990194,91.97798528933814,91.977997699404,91.97820295799512,91.98153207447231,92.01740817393062,87.3160588078931,null,null,null,null,null,null,null,null,null,null,null,null,91.9779845064793,91.97798469657148,91.97798733798783,91.97802403413363,91.97853237558238,91.98529480178055,92.01950024747258,81.81534201856607,null,null,null,null,null,null,null,null,null,null,null,null,91.97798455336302,91.97798522524283,91.97799322215936,91.97808835385386,91.9792129559416,91.99150563888618,91.98042920275351,73.21520905835723,null,null,null,null,null,null,null,null,null,null,null,null,91.97798471119422,91.97798676806852,91.97800810076191,91.97822908544158,91.98048969200428,92.00051137376263,91.83424196087623,62.035696146258424,null,null,null,null,null,null,null,null,null,null,null,null,91.97798517462965,91.97799075447051,91.97804191257632,91.97850977718971,91.98269129352045,92.01199247097168,91.47678952103381,49.83184856854926,null,null,null,null,null,null,null,null,null,null,null,null,91.97798638669259,91.97800004678639,91.97811211124187,91.97902703385658,91.98620156535776,92.02225781127792,90.74310185986693,38.360287825630046,null,null,null,null,null,null,null,null,null,null,null,null],"shape":[20,20],"source":"ACU/ECEM/Python Code/bounce_basin_data.npz","settings":{"rho_m0":0.0003,"alpha":0.0001,"a0":3.0,"crunch_a_min":0.01,"t_max":50000.0}}